State,"Total Medicaid Enrollees","Total VIII Group Enrollees","Total VIII Group Newly Eligible Enrollees","Total VIII Group Not Newly Eligible Enrollees","Updated Year","Updated Month","Enrollment Year","Enrollment Month",Notes
"Alabama ","1,332,972 ",N/A,N/A,N/A,2024,8,2023,1,
"Alaska ","259,089 ","74,196 ","74,195 ","1 ",2024,8,2023,1,"Alaska expanded its Medicaid program by adopting the VIII Group on September 1, 2015."
"Amer. Samoa ","33,887 ",N/A,N/A,N/A,2024,8,2023,1,
"Arizona ","2,439,508 ","736,011 ","194,990 ","541,021 ",2024,8,2023,1,
"Arkansas ","1,106,404 ","357,396 ","334,700 ","22,696 ",2024,8,2023,1,
"California ","15,148,920 ","5,162,450 ","5,131,406 ","31,044 ",2024,8,2023,1,
"Colorado ","1,700,185 ","626,758 ","615,128 ","11,630 ",2024,8,2023,1,
"Connecticut ","1,178,077 ","376,648 ","344,611 ","32,037 ",2024,8,2023,1,
"Delaware ","291,066 ","97,798 ","15,794 ","82,004 ",2024,8,2023,1,
"Dist. Of Col. ","292,549 ","138,745 ","93,122 ","45,623 ",2024,8,2023,1,
"Florida ","5,688,171 ",N/A,N/A,N/A,2024,8,2023,1,
"Georgia ","2,566,064 ",N/A,N/A,N/A,2024,8,2023,1,
"Guam ","44,424 ","6,082 ",N/A,"6,082 ",2024,8,2023,1,
"Hawaii ","466,870 ","188,801 ","32,270 ","156,531 ",2024,8,2023,1,
"Idaho ","480,732 ","148,190 ","148,190 ","0 ",2024,8,2023,1,"Idaho expanded its Medicaid program by adopting the VIII Group on January 1, 2020."
"Illinois ","3,460,404 ","1,032,208 ","934,670 ","97,538 ",2024,8,2023,1,
"Indiana ","2,074,285 ","606,236 ","606,236 ","0 ",2024,8,2023,1,"Indiana expanded its Medicaid program by adopting the VIII Group on February 1, 2015."
"Iowa ","799,361 ","265,525 ","196,666 ","68,859 ",2024,8,2023,1,
"Kansas ","468,918 ",N/A,N/A,N/A,2024,8,2023,1,
"Kentucky ","1,579,195 ","651,674 ","651,674 ","0 ",2024,8,2023,1,
"Louisiana ","1,886,359 ","771,527 ","771,527 ","0 ",2024,8,2023,1,"Louisiana expanded its Medicaid program by adopting the VIII Group on July 1, 2016."
"Maine ","401,159 ","113,307 ","89,754 ","23,553 ",2024,8,2023,1,"Maine Expanded its Medicaid program by adopting the VIII Group on July 1, 2018."
"Maryland ","1,595,529 ","461,440 ","461,440 ","0 ",2024,8,2023,1,
"Massachusetts ","2,193,464 ","491,336 ","0 ","491,336 ",2024,8,2023,1,
"Michigan ","3,072,419 ","1,064,511 ","992,865 ","71,646 ",2024,8,2023,1,"Michigan expanded its Medicaid program by adopting the VIII Group on April 1, 2014."
"Minnesota ","1,403,235 ","317,524 ","317,524 ","0 ",2024,8,2023,1,
"Mississippi ","846,264 ",N/A,N/A,N/A,2024,8,2023,1,
"Missouri ","1,454,677 ","311,809 ","311,809 ","0 ",2024,8,2023,1,"Missouri expanded its Medicaid program by adopting the VIII Group on October 1, 2021."
"Montana ","311,945 ","123,889 ","123,889 ","0 ",2024,8,2023,1,"Montana expanded its Medicaid program by adopting the VIII Group on January 1, 2016."
"N. Mariana Islands ","18,738 ",N/A,N/A,N/A,2024,8,2023,1,
"Nebraska ","393,413 ","82,259 ","80,521 ","1,738 ",2024,8,2023,1,
"Nevada ","829,878 ","365,125 ","365,125 ","0 ",2024,8,2023,1,
"New Hampshire ","237,805 ","96,286 ","95,804 ","482 ",2024,8,2023,1,"New Hampshire expanded its Medicaid program by adopting the VIII Group on August 15, 2014."
"New Jersey ","2,100,461 ","766,741 ","766,741 ","0 ",2024,8,2023,1,
"New Mexico ","993,227 ","296,663 ","296,663 ","0 ",2024,8,2023,1,
"New York ","7,817,979 ","2,564,321 ","439,644 ","2,124,677 ",2024,8,2023,1,
"North Carolina ","2,929,613 ","0 ","0 ","0 ",2024,8,2023,1,
"North Dakota ","132,782 ","36,419 ","34,646 ","1,773 ",2024,8,2023,1,
"Ohio ","3,612,310 ","899,844 ","899,559 ","285 ",2024,8,2023,1,
"Oklahoma ","1,248,449 ","366,794 ","366,794 ","0 ",2024,8,2023,1,"Oklahoma expanded its Medicaid program by adopting the VIII Group on July 1, 2021."
"Oregon ","1,313,332 ","737,573 ","627,800 ","109,773 ",2024,8,2023,1,
"Pennsylvania ","3,657,933 ","1,181,269 ","1,113,511 ","67,758 ",2024,8,2023,1,"Pennsylvania expanded its Medicaid program by adopting the VIII Group on January 1, 2015."
"Puerto Rico ","1,499,520 ","685,304 ",N/A,"685,304 ",2024,8,2023,1,
"Rhode Island ","357,183 ","101,349 ","101,349 ","0 ",2024,8,2023,1,
"South Carolina ","1,591,624 ",N/A,N/A,N/A,2024,8,2023,1,
"South Dakota ","136,413 ","0 ","0 ","0 ",2024,8,2023,1," South Dakota expanded its Medicaid program by adopting the VIII Group on July 1, 2023."
"Tennessee ","1,874,933 ",N/A,N/A,N/A,2024,8,2023,1,
"Texas ","6,126,031 ",N/A,N/A,N/A,2024,8,2023,1,
"Utah ","524,617 ","143,503 ","142,534 ","969 ",2024,8,2023,1,"Utah expanded its Medicaid program by adopting the VIII Group on January 1, 2020."
"Vermont ","202,997 ","89,701 ","0 ","89,701 ",2024,8,2023,1,
"Virgin Islands ","37,921 ","18,740 ",N/A,"18,740 ",2024,8,2023,1,"The Virgin Islands expanded its Medicaid program by adopting the VIII Group on June 1, 2015."
"Virginia ","1,952,398 ","724,084 ","724,084 ","0 ",2024,8,2023,1,"Virginia expanded its Medicaid program by adopting the VIII Group on January 1, 2019."
"Washington ","2,181,715 ","847,817 ","827,090 ","20,727 ",2024,8,2023,1,
"West Virginia ","663,643 ","247,050 ","247,050 ","0 ",2024,8,2023,1,
"Wisconsin ","1,645,391 ",N/A,N/A,N/A,2024,8,2023,1,
"Wyoming ","87,188 ",N/A,N/A,N/A,2024,8,2023,1,
Totals,"98,743,626 ","24,374,903 ","19,571,375 ","4,803,528 ",2024,8,2023,1,
"Alabama ","1,351,697 ",N/A,N/A,N/A,2024,8,2023,2,
"Alaska ","259,472 ","74,388 ","74,387 ","1 ",2024,8,2023,2,"Alaska expanded its Medicaid program by adopting the VIII Group on September 1, 2015."
"Amer. Samoa ","33,887 ",N/A,N/A,N/A,2024,8,2023,2,
"Arizona ","2,449,887 ","742,200 ","194,773 ","547,427 ",2024,8,2023,2,
"Arkansas ","1,076,697 ","347,082 ","326,106 ","20,976 ",2024,8,2023,2,
"California ","15,176,093 ","5,191,852 ","5,160,512 ","31,340 ",2024,8,2023,2,
"Colorado ","1,710,325 ","631,400 ","619,801 ","11,599 ",2024,8,2023,2,
"Connecticut ","1,175,973 ","376,455 ","344,402 ","32,053 ",2024,8,2023,2,
"Delaware ","293,090 ","98,854 ","16,053 ","82,801 ",2024,8,2023,2,
"Dist. Of Col. ","293,203 ","139,160 ","93,418 ","45,742 ",2024,8,2023,2,
"Florida ","5,725,447 ",N/A,N/A,N/A,2024,8,2023,2,
"Georgia ","2,566,078 ",N/A,N/A,N/A,2024,8,2023,2,
"Guam ","44,448 ","6,090 ",N/A,"6,090 ",2024,8,2023,2,
"Hawaii ","468,525 ","189,797 ","32,412 ","157,385 ",2024,8,2023,2,
"Idaho ","482,050 ","149,235 ","149,235 ","0 ",2024,8,2023,2,"Idaho expanded its Medicaid program by adopting the VIII Group on January 1, 2020."
"Illinois ","3,472,577 ","1,035,645 ","938,888 ","96,757 ",2024,8,2023,2,
"Indiana ","2,079,476 ","611,849 ","611,849 ","0 ",2024,8,2023,2,"Indiana expanded its Medicaid program by adopting the VIII Group on February 1, 2015."
"Iowa ","805,005 ","267,960 ","197,970 ","69,990 ",2024,8,2023,2,
"Kansas ","473,023 ",N/A,N/A,N/A,2024,8,2023,2,
"Kentucky ","1,585,978 ","655,783 ","655,783 ","0 ",2024,8,2023,2,
"Louisiana ","1,889,449 ","774,303 ","774,303 ","0 ",2024,8,2023,2,"Louisiana expanded its Medicaid program by adopting the VIII Group on July 1, 2016."
"Maine ","403,260 ","114,338 ","90,640 ","23,698 ",2024,8,2023,2,"Maine Expanded its Medicaid program by adopting the VIII Group on July 1, 2018."
"Maryland ","1,600,751 ","462,372 ","462,372 ","0 ",2024,8,2023,2,
"Massachusetts ","2,231,175 ","503,231 ","0 ","503,231 ",2024,8,2023,2,
"Michigan ","3,081,088 ","1,070,020 ","997,556 ","72,464 ",2024,8,2023,2,"Michigan expanded its Medicaid program by adopting the VIII Group on April 1, 2014."
"Minnesota ","1,405,068 ","319,486 ","319,486 ","0 ",2024,8,2023,2,
"Mississippi ","849,759 ",N/A,N/A,N/A,2024,8,2023,2,
"Missouri ","1,473,205 ","327,734 ","327,734 ","0 ",2024,8,2023,2,"Missouri expanded its Medicaid program by adopting the VIII Group on October 1, 2021."
"Montana ","312,709 ","124,154 ","124,154 ","0 ",2024,8,2023,2,"Montana expanded its Medicaid program by adopting the VIII Group on January 1, 2016."
"N. Mariana Islands ","20,935 ",N/A,N/A,N/A,2024,8,2023,2,
"Nebraska ","396,428 ","83,146 ","81,390 ","1,756 ",2024,8,2023,2,
"Nevada ","840,677 ","374,356 ","374,356 ","0 ",2024,8,2023,2,
"New Hampshire ","238,002 ","96,651 ","96,172 ","479 ",2024,8,2023,2,"New Hampshire expanded its Medicaid program by adopting the VIII Group on August 15, 2014."
"New Jersey ","2,116,577 ","770,230 ","770,230 ","0 ",2024,8,2023,2,
"New Mexico ","994,795 ","296,609 ","296,609 ","0 ",2024,8,2023,2,
"New York ","7,828,034 ","2,552,841 ","439,249 ","2,113,592 ",2024,8,2023,2,
"North Carolina ","2,943,671 ","0 ","0 ","0 ",2024,8,2023,2,
"North Dakota ","133,803 ","36,579 ","34,841 ","1,738 ",2024,8,2023,2,
"Ohio ","3,626,805 ","906,284 ","906,005 ","279 ",2024,8,2023,2,
"Oklahoma ","1,254,710 ","375,734 ","375,734 ","0 ",2024,8,2023,2,"Oklahoma expanded its Medicaid program by adopting the VIII Group on July 1, 2021."
"Oregon ","1,316,392 ","740,659 ","630,802 ","109,857 ",2024,8,2023,2,
"Pennsylvania ","3,674,878 ","1,190,350 ","1,122,319 ","68,031 ",2024,8,2023,2,"Pennsylvania expanded its Medicaid program by adopting the VIII Group on January 1, 2015."
"Puerto Rico ","1,510,966 ","689,016 ",N/A,"689,016 ",2024,8,2023,2,
"Rhode Island ","358,521 ","101,960 ","101,960 ","0 ",2024,8,2023,2,
"South Carolina ","1,597,102 ",N/A,N/A,N/A,2024,8,2023,2,
"South Dakota ","136,902 ","0 ","0 ","0 ",2024,8,2023,2," South Dakota expanded its Medicaid program by adopting the VIII Group on July 1, 2023."
"Tennessee ","1,879,777 ",N/A,N/A,N/A,2024,8,2023,2,
"Texas ","6,155,461 ",N/A,N/A,N/A,2024,8,2023,2,
"Utah ","527,842 ","145,187 ","144,193 ","994 ",2024,8,2023,2,"Utah expanded its Medicaid program by adopting the VIII Group on January 1, 2020."
"Vermont ","203,303 ","89,678 ","0 ","89,678 ",2024,8,2023,2,
"Virgin Islands ","37,990 ","18,810 ",N/A,"18,810 ",2024,8,2023,2,"The Virgin Islands expanded its Medicaid program by adopting the VIII Group on June 1, 2015."
"Virginia ","1,968,746 ","733,836 ","733,836 ","0 ",2024,8,2023,2,"Virginia expanded its Medicaid program by adopting the VIII Group on January 1, 2019."
"Washington ","2,183,703 ","850,503 ","830,163 ","20,340 ",2024,8,2023,2,
"West Virginia ","666,632 ","248,751 ","248,751 ","0 ",2024,8,2023,2,
"Wisconsin ","1,577,387 ",N/A,N/A,N/A,2024,8,2023,2,
"Wyoming ","87,753 ",N/A,N/A,N/A,2024,8,2023,2,
Totals,"99,047,187 ","24,514,568 ","19,698,444 ","4,816,124 ",2024,8,2023,2,
"Alabama ","1,359,109 ",N/A,N/A,N/A,2024,8,2023,3,
"Alaska ","259,640 ","74,566 ","74,564 ","2 ",2024,8,2023,3,"Alaska expanded its Medicaid program by adopting the VIII Group on September 1, 2015."
"Amer. Samoa ","33,887 ",N/A,N/A,N/A,2024,8,2023,3,
"Arizona ","2,936,154 ","940,546 ","256,813 ","683,733 ",2024,8,2023,3,
"Arkansas ","1,057,976 ","337,663 ","317,180 ","20,483 ",2024,8,2023,3,
"California ","15,161,025 ","5,207,799 ","5,176,387 ","31,412 ",2024,8,2023,3,
"Colorado ","1,721,668 ","636,037 ","624,551 ","11,486 ",2024,8,2023,3,
"Connecticut ","1,183,498 ","380,130 ","348,193 ","31,937 ",2024,8,2023,3,
"Delaware ","294,816 ","99,621 ","15,975 ","83,646 ",2024,8,2023,3,
"Dist. Of Col. ","294,110 ","140,198 ","94,302 ","45,896 ",2024,8,2023,3,
"Florida ","5,743,167 ",N/A,N/A,N/A,2024,8,2023,3,
"Georgia ","2,520,248 ",N/A,N/A,N/A,2024,8,2023,3,
"Guam ","44,382 ","6,092 ",N/A,"6,092 ",2024,8,2023,3,
"Hawaii ","470,620 ","190,949 ","32,417 ","158,532 ",2024,8,2023,3,
"Idaho ","482,806 ","150,187 ","150,187 ","0 ",2024,8,2023,3,"Idaho expanded its Medicaid program by adopting the VIII Group on January 1, 2020."
"Illinois ","3,482,952 ","1,037,055 ","941,443 ","95,612 ",2024,8,2023,3,
"Indiana ","2,083,945 ","614,714 ","614,714 ","0 ",2024,8,2023,3,"Indiana expanded its Medicaid program by adopting the VIII Group on February 1, 2015."
"Iowa ","807,983 ","269,427 ","198,456 ","70,971 ",2024,8,2023,3,
"Kansas ","474,463 ",N/A,N/A,N/A,2024,8,2023,3,
"Kentucky ","1,591,087 ","659,697 ","659,697 ","0 ",2024,8,2023,3,
"Louisiana ","1,893,185 ","777,640 ","777,640 ","0 ",2024,8,2023,3,"Louisiana expanded its Medicaid program by adopting the VIII Group on July 1, 2016."
"Maine ","419,518 ","115,264 ","91,490 ","23,774 ",2024,8,2023,3,"Maine Expanded its Medicaid program by adopting the VIII Group on July 1, 2018."
"Maryland ","1,607,976 ","464,935 ","464,935 ","0 ",2024,8,2023,3,
"Massachusetts ","2,263,673 ","505,330 ","0 ","505,330 ",2024,8,2023,3,
"Michigan ","3,093,270 ","1,076,682 ","1,004,006 ","72,676 ",2024,8,2023,3,"Michigan expanded its Medicaid program by adopting the VIII Group on April 1, 2014."
"Minnesota ","1,406,103 ","321,124 ","321,124 ","0 ",2024,8,2023,3,
"Mississippi ","853,586 ",N/A,N/A,N/A,2024,8,2023,3,
"Missouri ","1,488,152 ","333,944 ","333,944 ","0 ",2024,8,2023,3,"Missouri expanded its Medicaid program by adopting the VIII Group on October 1, 2021."
"Montana ","313,782 ","124,591 ","124,591 ","0 ",2024,8,2023,3,"Montana expanded its Medicaid program by adopting the VIII Group on January 1, 2016."
"N. Mariana Islands ","22,271 ",N/A,N/A,N/A,2024,8,2023,3,
"Nebraska ","398,648 ","84,268 ","82,456 ","1,812 ",2024,8,2023,3,
"Nevada ","839,732 ","378,188 ","378,188 ","0 ",2024,8,2023,3,
"New Hampshire ","240,214 ","97,424 ","96,933 ","491 ",2024,8,2023,3,"New Hampshire expanded its Medicaid program by adopting the VIII Group on August 15, 2014."
"New Jersey ","2,126,735 ","772,308 ","772,308 ","0 ",2024,8,2023,3,
"New Mexico ","994,947 ","296,226 ","296,226 ","0 ",2024,8,2023,3,
"New York ","7,857,119 ","2,551,609 ","439,883 ","2,111,726 ",2024,8,2023,3,
"North Carolina ","2,958,755 ","0 ","0 ","0 ",2024,8,2023,3,
"North Dakota ","135,682 ","37,276 ","35,518 ","1,758 ",2024,8,2023,3,
"Ohio ","3,642,778 ","917,129 ","916,855 ","274 ",2024,8,2023,3,
"Oklahoma ","1,250,815 ","376,248 ","376,248 ","0 ",2024,8,2023,3,"Oklahoma expanded its Medicaid program by adopting the VIII Group on July 1, 2021."
"Oregon ","1,324,402 ","744,834 ","635,240 ","109,594 ",2024,8,2023,3,
"Pennsylvania ","3,691,255 ","1,200,478 ","1,132,105 ","68,373 ",2024,8,2023,3,"Pennsylvania expanded its Medicaid program by adopting the VIII Group on January 1, 2015."
"Puerto Rico ","1,514,696 ","691,402 ",N/A,"691,402 ",2024,8,2023,3,
"Rhode Island ","360,375 ","102,707 ","102,707 ","0 ",2024,8,2023,3,
"South Carolina ","1,604,304 ",N/A,N/A,N/A,2024,8,2023,3,
"South Dakota ","137,575 ","0 ","0 ","0 ",2024,8,2023,3," South Dakota expanded its Medicaid program by adopting the VIII Group on July 1, 2023."
"Tennessee ","1,885,414 ",N/A,N/A,N/A,2024,8,2023,3,
"Texas ","6,197,549 ",N/A,N/A,N/A,2024,8,2023,3,
"Utah ","532,329 ","146,964 ","146,000 ","964 ",2024,8,2023,3,"Utah expanded its Medicaid program by adopting the VIII Group on January 1, 2020."
"Vermont ","203,498 ","89,072 ","0 ","89,072 ",2024,8,2023,3,
"Virgin Islands ","38,131 ","18,924 ",N/A,"18,924 ",2024,8,2023,3,"The Virgin Islands expanded its Medicaid program by adopting the VIII Group on June 1, 2015."
"Virginia ","1,980,346 ","739,154 ","739,154 ","0 ",2024,8,2023,3,"Virginia expanded its Medicaid program by adopting the VIII Group on January 1, 2019."
"Washington ","2,194,939 ","856,246 ","836,012 ","20,234 ",2024,8,2023,3,
"West Virginia ","669,145 ","250,317 ","250,317 ","0 ",2024,8,2023,3,
"Wisconsin ","1,663,048 ",N/A,N/A,N/A,2024,8,2023,3,
"Wyoming ","88,247 ",N/A,N/A,N/A,2024,8,2023,3,
Totals,"99,895,730 ","24,814,965 ","19,858,759 ","4,956,206 ",2024,8,2023,3,
"Alabama ","1,364,577 ",N/A,N/A,N/A,2024,8,2023,4,
"Alaska ","260,735 ","75,038 ","75,036 ","2 ",2024,8,2023,4,"Alaska expanded its Medicaid program by adopting the VIII Group on September 1, 2015."
"Amer. Samoa ","33,887 ",N/A,N/A,N/A,2024,8,2023,4,
"Arizona ","2,433,058 ","737,804 ","185,931 ","551,873 ",2024,8,2023,4,
"Arkansas ","1,065,074 ","338,874 ","319,948 ","18,926 ",2024,8,2023,4,
"California ","15,334,686 ","5,281,624 ","5,250,097 ","31,527 ",2024,8,2023,4,
"Colorado ","1,706,020 ","631,265 ","618,738 ","12,527 ",2024,8,2023,4,
"Connecticut ","1,188,840 ","382,886 ","350,944 ","31,942 ",2024,8,2023,4,
"Delaware ","298,017 ","101,497 ","16,205 ","85,292 ",2024,8,2023,4,
"Dist. Of Col. ","294,857 ","141,066 ","95,027 ","46,039 ",2024,8,2023,4,
"Florida ","5,710,996 ",N/A,N/A,N/A,2024,8,2023,4,
"Georgia ","2,604,887 ",N/A,N/A,N/A,2024,8,2023,4,
"Guam ","44,865 ","6,232 ",N/A,"6,232 ",2024,8,2023,4,
"Hawaii ","471,569 ","191,424 ","32,551 ","158,873 ",2024,8,2023,4,
"Idaho ","469,171 ","143,959 ","143,959 ","0 ",2024,8,2023,4,"Idaho expanded its Medicaid program by adopting the VIII Group on January 1, 2020."
"Illinois ","3,495,627 ","995,152 ","915,587 ","79,565 ",2024,8,2023,4,
"Indiana ","2,113,952 ","621,070 ","621,070 ","0 ",2024,8,2023,4,"Indiana expanded its Medicaid program by adopting the VIII Group on February 1, 2015."
"Iowa ","812,228 ","270,893 ","199,450 ","71,443 ",2024,8,2023,4,
"Kansas ","474,048 ",N/A,N/A,N/A,2024,8,2023,4,
"Kentucky ","1,610,393 ","664,493 ","664,493 ","0 ",2024,8,2023,4,
"Louisiana ","2,055,876 ","782,375 ","782,375 ","0 ",2024,8,2023,4,"Louisiana expanded its Medicaid program by adopting the VIII Group on July 1, 2016."
"Maine ","418,789 ","115,829 ","92,199 ","23,630 ",2024,8,2023,4,"Maine Expanded its Medicaid program by adopting the VIII Group on July 1, 2018."
"Maryland ","1,614,019 ","466,489 ","466,489 ","0 ",2024,8,2023,4,
"Massachusetts ","2,277,510 ","510,585 ","0 ","510,585 ",2024,8,2023,4,
"Michigan ","3,098,144 ","1,082,160 ","1,010,202 ","71,958 ",2024,8,2023,4,"Michigan expanded its Medicaid program by adopting the VIII Group on April 1, 2014."
"Minnesota ","1,419,502 ","323,754 ","323,754 ","0 ",2024,8,2023,4,
"Mississippi ","856,539 ",N/A,N/A,N/A,2024,8,2023,4,
"Missouri ","1,496,537 ","342,600 ","342,600 ","0 ",2024,8,2023,4,"Missouri expanded its Medicaid program by adopting the VIII Group on October 1, 2021."
"Montana ","314,537 ","124,923 ","124,923 ","0 ",2024,8,2023,4,"Montana expanded its Medicaid program by adopting the VIII Group on January 1, 2016."
"N. Mariana Islands ","26,263 ",N/A,N/A,N/A,2024,8,2023,4,
"Nebraska ","400,184 ","85,152 ","83,299 ","1,853 ",2024,8,2023,4,
"Nevada ","844,211 ","381,879 ","381,879 ","0 ",2024,8,2023,4,
"New Hampshire ","226,103 ","87,996 ","87,528 ","468 ",2024,8,2023,4,"New Hampshire expanded its Medicaid program by adopting the VIII Group on August 15, 2014."
"New Jersey ","2,138,821 ","775,324 ","775,324 ","0 ",2024,8,2023,4,
"New Mexico ","995,558 ","303,396 ","303,396 ","0 ",2024,8,2023,4,
"New York ","7,932,310 ","2,561,859 ","441,695 ","2,120,164 ",2024,8,2023,4,
"North Carolina ","3,016,513 ","0 ","0 ","0 ",2024,8,2023,4,
"North Dakota ","136,640 ","37,882 ","35,932 ","1,950 ",2024,8,2023,4,
"Ohio ","3,654,079 ","924,032 ","923,750 ","282 ",2024,8,2023,4,
"Oklahoma ","1,264,241 ","384,303 ","384,303 ","0 ",2024,8,2023,4,"Oklahoma expanded its Medicaid program by adopting the VIII Group on July 1, 2021."
"Oregon ","1,335,586 ","751,033 ","641,349 ","109,684 ",2024,8,2023,4,
"Pennsylvania ","3,700,360 ","1,204,847 ","1,136,297 ","68,550 ",2024,8,2023,4,"Pennsylvania expanded its Medicaid program by adopting the VIII Group on January 1, 2015."
"Puerto Rico ","1,519,752 ","692,965 ",N/A,"692,965 ",2024,8,2023,4,
"Rhode Island ","361,944 ","103,366 ","103,366 ","0 ",2024,8,2023,4,
"South Carolina ","1,611,778 ",N/A,N/A,N/A,2024,8,2023,4,
"South Dakota ","125,583 ","0 ","0 ","0 ",2024,8,2023,4," South Dakota expanded its Medicaid program by adopting the VIII Group on July 1, 2023."
"Tennessee ","1,899,016 ",N/A,N/A,N/A,2024,8,2023,4,
"Texas ","6,230,848 ",N/A,N/A,N/A,2024,8,2023,4,
"Utah ","535,676 ","148,553 ","147,603 ","950 ",2024,8,2023,4,"Utah expanded its Medicaid program by adopting the VIII Group on January 1, 2020."
"Vermont ","203,886 ","88,882 ","0 ","88,882 ",2024,8,2023,4,
"Virgin Islands ","38,196 ","19,001 ",N/A,"19,001 ",2024,8,2023,4,"The Virgin Islands expanded its Medicaid program by adopting the VIII Group on June 1, 2015."
"Virginia ","1,992,240 ","745,346 ","745,346 ","0 ",2024,8,2023,4,"Virginia expanded its Medicaid program by adopting the VIII Group on January 1, 2019."
"Washington ","2,214,990 ","860,277 ","840,178 ","20,099 ",2024,8,2023,4,
"West Virginia ","670,940 ","251,709 ","251,709 ","0 ",2024,8,2023,4,
"Wisconsin ","1,588,845 ",N/A,N/A,N/A,2024,8,2023,4,
"Wyoming ","88,595 ",N/A,N/A,N/A,2024,8,2023,4,
Totals,"100,092,098 ","24,739,794 ","19,914,532 ","4,825,262 ",2024,8,2023,4,
"Alabama ","1,369,476 ",N/A,N/A,N/A,2024,8,2023,5,
"Alaska ","259,964 ","75,038 ","75,036 ","2 ",2024,8,2023,5,"Alaska expanded its Medicaid program by adopting the VIII Group on September 1, 2015."
"Amer. Samoa ","33,887 ",N/A,N/A,N/A,2024,8,2023,5,
"Arizona ","2,415,893 ","731,367 ","179,561 ","551,806 ",2024,8,2023,5,
"Arkansas ","1,013,884 ","321,090 ","304,063 ","17,027 ",2024,8,2023,5,
"California ","15,349,930 ","5,310,435 ","5,278,871 ","31,564 ",2024,8,2023,5,
"Colorado ","1,714,484 ","634,673 ","622,189 ","12,484 ",2024,8,2023,5,
"Connecticut ","1,185,782 ","378,824 ","347,405 ","31,419 ",2024,8,2023,5,
"Delaware ","299,838 ","102,208 ","16,231 ","85,977 ",2024,8,2023,5,
"Dist. Of Col. ","295,748 ","141,676 ","95,528 ","46,148 ",2024,8,2023,5,
"Florida ","5,467,079 ",N/A,N/A,N/A,2024,8,2023,5,
"Georgia ","2,613,065 ",N/A,N/A,N/A,2024,8,2023,5,
"Guam ","44,264 ","6,120 ",N/A,"6,120 ",2024,8,2023,5,
"Hawaii ","468,253 ","187,888 ","31,830 ","156,058 ",2024,8,2023,5,
"Idaho ","458,235 ","139,272 ","139,272 ","0 ",2024,8,2023,5,"Idaho expanded its Medicaid program by adopting the VIII Group on January 1, 2020."
"Illinois ","3,445,726 ","999,972 ","920,459 ","79,513 ",2024,8,2023,5,
"Indiana ","2,108,899 ","621,690 ","621,690 ","0 ",2024,8,2023,5,"Indiana expanded its Medicaid program by adopting the VIII Group on February 1, 2015."
"Iowa ","805,012 ","266,395 ","200,428 ","65,967 ",2024,8,2023,5,
"Kansas ","455,179 ",N/A,N/A,N/A,2024,8,2023,5,
"Kentucky ","1,614,022 ","668,074 ","668,074 ","0 ",2024,8,2023,5,
"Louisiana ","2,060,397 ","785,687 ","785,687 ","0 ",2024,8,2023,5,"Louisiana expanded its Medicaid program by adopting the VIII Group on July 1, 2016."
"Maine ","411,665 ","116,131 ","92,647 ","23,484 ",2024,8,2023,5,"Maine Expanded its Medicaid program by adopting the VIII Group on July 1, 2018."
"Maryland ","1,620,593 ","468,979 ","468,979 ","0 ",2024,8,2023,5,
"Massachusetts ","2,276,291 ","509,436 ","0 ","509,436 ",2024,8,2023,5,
"Michigan ","3,109,223 ","1,087,435 ","1,015,690 ","71,745 ",2024,8,2023,5,"Michigan expanded its Medicaid program by adopting the VIII Group on April 1, 2014."
"Minnesota ","1,422,726 ","325,568 ","325,568 ","0 ",2024,8,2023,5,
"Mississippi ","859,846 ",N/A,N/A,N/A,2024,8,2023,5,
"Missouri ","1,502,781 ","351,849 ","351,849 ","0 ",2024,8,2023,5,"Missouri expanded its Medicaid program by adopting the VIII Group on October 1, 2021."
"Montana ","314,489 ","124,916 ","124,916 ","0 ",2024,8,2023,5,"Montana expanded its Medicaid program by adopting the VIII Group on January 1, 2016."
"N. Mariana Islands ","18,130 ",N/A,N/A,N/A,2024,8,2023,5,
"Nebraska ","401,417 ","85,958 ","84,095 ","1,863 ",2024,8,2023,5,
"Nevada ","847,597 ","385,432 ","385,432 ","0 ",2024,8,2023,5,
"New Hampshire ","211,889 ","79,005 ","78,552 ","453 ",2024,8,2023,5,"New Hampshire expanded its Medicaid program by adopting the VIII Group on August 15, 2014."
"New Jersey ","2,152,295 ","779,550 ","779,550 ","0 ",2024,8,2023,5,
"New Mexico ","971,345 ","303,515 ","303,515 ","0 ",2024,8,2023,5,
"New York ","7,951,095 ","2,578,281 ","442,568 ","2,135,713 ",2024,8,2023,5,
"North Carolina ","3,031,676 ","0 ","0 ","0 ",2024,8,2023,5,
"North Dakota ","137,681 ","38,178 ","36,238 ","1,940 ",2024,8,2023,5,
"Ohio ","3,621,948 ","912,624 ","912,366 ","258 ",2024,8,2023,5,
"Oklahoma ","1,243,373 ","389,919 ","389,919 ","0 ",2024,8,2023,5,"Oklahoma expanded its Medicaid program by adopting the VIII Group on July 1, 2021."
"Oregon ","1,342,748 ","755,546 ","646,138 ","109,408 ",2024,8,2023,5,
"Pennsylvania ","3,697,514 ","1,204,885 ","1,136,688 ","68,197 ",2024,8,2023,5,"Pennsylvania expanded its Medicaid program by adopting the VIII Group on January 1, 2015."
"Puerto Rico ","1,529,277 ","693,453 ",N/A,"693,453 ",2024,8,2023,5,
"Rhode Island ","362,933 ","103,854 ","103,854 ","0 ",2024,8,2023,5,
"South Carolina ","1,617,844 ",N/A,N/A,N/A,2024,8,2023,5,
"South Dakota ","118,286 ","0 ","0 ","0 ",2024,8,2023,5," South Dakota expanded its Medicaid program by adopting the VIII Group on July 1, 2023."
"Tennessee ","1,905,133 ",N/A,N/A,N/A,2024,8,2023,5,
"Texas ","6,259,204 ",N/A,N/A,N/A,2024,8,2023,5,
"Utah ","513,490 ","142,625 ","141,666 ","959 ",2024,8,2023,5,"Utah expanded its Medicaid program by adopting the VIII Group on January 1, 2020."
"Vermont ","204,082 ","88,873 ","0 ","88,873 ",2024,8,2023,5,
"Virgin Islands ","38,353 ","19,136 ",N/A,"19,136 ",2024,8,2023,5,"The Virgin Islands expanded its Medicaid program by adopting the VIII Group on June 1, 2015."
"Virginia ","2,001,357 ","751,835 ","751,835 ","0 ",2024,8,2023,5,"Virginia expanded its Medicaid program by adopting the VIII Group on January 1, 2019."
"Washington ","2,215,720 ","859,189 ","838,930 ","20,259 ",2024,8,2023,5,
"West Virginia ","651,725 ","243,479 ","243,479 ","0 ",2024,8,2023,5,
"Wisconsin ","1,594,996 ",N/A,N/A,N/A,2024,8,2023,5,
"Wyoming ","88,565 ",N/A,N/A,N/A,2024,8,2023,5,
Totals,"99,726,304 ","24,770,060 ","19,940,798 ","4,829,262 ",2024,8,2023,5,
"Alabama ","1,375,674 ",N/A,N/A,N/A,2024,8,2023,6,
"Alaska ","256,917 ","74,580 ","74,578 ","2 ",2024,8,2023,6,"Alaska expanded its Medicaid program by adopting the VIII Group on September 1, 2015."
"Amer. Samoa ","33,887 ",N/A,N/A,N/A,2024,8,2023,6,
"Arizona ","2,312,058 ","697,935 ","153,747 ","544,188 ",2024,8,2023,6,
"Arkansas ","967,900 ","301,705 ","287,213 ","14,492 ",2024,8,2023,6,
"California ","15,351,682 ","5,331,821 ","5,300,193 ","31,628 ",2024,8,2023,6,
"Colorado ","1,679,466 ","618,978 ","606,775 ","12,203 ",2024,8,2023,6,
"Connecticut ","1,167,454 ","374,175 ","343,166 ","31,009 ",2024,8,2023,6,
"Delaware ","300,155 ","102,218 ","16,111 ","86,107 ",2024,8,2023,6,
"Dist. Of Col. ","295,038 ","140,495 ","94,448 ","46,047 ",2024,8,2023,6,
"Florida ","5,419,363 ",N/A,N/A,N/A,2024,8,2023,6,
"Georgia ","2,613,085 ",N/A,N/A,N/A,2024,8,2023,6,
"Guam ","43,574 ","6,005 ",N/A,"6,005 ",2024,8,2023,6,
"Hawaii ","469,307 ","186,038 ","31,353 ","154,685 ",2024,8,2023,6,
"Idaho ","407,741 ","116,974 ","116,974 ","0 ",2024,8,2023,6,"Idaho expanded its Medicaid program by adopting the VIII Group on January 1, 2020."
"Illinois ","3,459,081 ","1,005,045 ","925,470 ","79,575 ",2024,8,2023,6,
"Indiana ","2,050,762 ","604,263 ","604,263 ","0 ",2024,8,2023,6,"Indiana expanded its Medicaid program by adopting the VIII Group on February 1, 2015."
"Iowa ","769,742 ","249,804 ","193,675 ","56,129 ",2024,8,2023,6,
"Kansas ","452,843 ",N/A,N/A,N/A,2024,8,2023,6,
"Kentucky ","1,580,286 ","644,691 ","644,691 ","0 ",2024,8,2023,6,
"Louisiana ","2,053,888 ","786,670 ","786,670 ","0 ",2024,8,2023,6,"Louisiana expanded its Medicaid program by adopting the VIII Group on July 1, 2016."
"Maine ","411,101 ","116,816 ","93,260 ","23,556 ",2024,8,2023,6,"Maine Expanded its Medicaid program by adopting the VIII Group on July 1, 2018."
"Maryland ","1,609,764 ","466,465 ","466,465 ","0 ",2024,8,2023,6,
"Massachusetts ","2,282,087 ","507,451 ","0 ","507,451 ",2024,8,2023,6,
"Michigan ","3,122,602 ","1,093,020 ","1,021,547 ","71,473 ",2024,8,2023,6,"Michigan expanded its Medicaid program by adopting the VIII Group on April 1, 2014."
"Minnesota ","1,423,199 ","327,246 ","327,246 ","0 ",2024,8,2023,6,
"Mississippi ","862,377 ",N/A,N/A,N/A,2024,8,2023,6,
"Missouri ","1,501,975 ","354,187 ","354,187 ","0 ",2024,8,2023,6,"Missouri expanded its Medicaid program by adopting the VIII Group on October 1, 2021."
"Montana ","301,492 ","118,522 ","118,522 ","0 ",2024,8,2023,6,"Montana expanded its Medicaid program by adopting the VIII Group on January 1, 2016."
"N. Mariana Islands ","17,467 ",N/A,N/A,N/A,2024,8,2023,6,
"Nebraska ","400,691 ","86,112 ","84,200 ","1,912 ",2024,8,2023,6,
"Nevada ","829,825 ","368,296 ","368,296 ","0 ",2024,8,2023,6,
"New Hampshire ","201,372 ","71,849 ","71,399 ","450 ",2024,8,2023,6,"New Hampshire expanded its Medicaid program by adopting the VIII Group on August 15, 2014."
"New Jersey ","2,164,081 ","783,561 ","783,561 ","0 ",2024,8,2023,6,
"New Mexico ","936,684 ","293,364 ","293,364 ","0 ",2024,8,2023,6,
"New York ","7,983,170 ","2,602,930 ","444,849 ","2,158,081 ",2024,8,2023,6,
"North Carolina ","2,984,902 ","0 ","0 ","0 ",2024,8,2023,6,
"North Dakota ","133,630 ","36,680 ","34,824 ","1,856 ",2024,8,2023,6,
"Ohio ","3,583,250 ","900,385 ","900,138 ","247 ",2024,8,2023,6,
"Oklahoma ","1,221,820 ","371,132 ","371,132 ","0 ",2024,8,2023,6,"Oklahoma expanded its Medicaid program by adopting the VIII Group on July 1, 2021."
"Oregon ","1,345,939 ","758,205 ","649,507 ","108,698 ",2024,8,2023,6,
"Pennsylvania ","3,645,268 ","1,180,336 ","1,113,803 ","66,533 ",2024,8,2023,6,"Pennsylvania expanded its Medicaid program by adopting the VIII Group on January 1, 2015."
"Puerto Rico ","1,528,170 ","691,626 ",N/A,"691,626 ",2024,8,2023,6,
"Rhode Island ","362,284 ","102,613 ","102,613 ","0 ",2024,8,2023,6,
"South Carolina ","1,537,188 ",N/A,N/A,N/A,2024,8,2023,6,
"South Dakota ","111,158 ","0 ","0 ","0 ",2024,8,2023,6," South Dakota expanded its Medicaid program by adopting the VIII Group on July 1, 2023."
"Tennessee ","1,904,232 ",N/A,N/A,N/A,2024,8,2023,6,
"Texas ","5,912,409 ",N/A,N/A,N/A,2024,8,2023,6,
"Utah ","476,671 ","135,079 ","134,125 ","954 ",2024,8,2023,6,"Utah expanded its Medicaid program by adopting the VIII Group on January 1, 2020."
"Vermont ","198,282 ","85,325 ","0 ","85,325 ",2024,8,2023,6,
"Virgin Islands ","38,489 ","19,230 ",N/A,"19,230 ",2024,8,2023,6,"The Virgin Islands expanded its Medicaid program by adopting the VIII Group on June 1, 2015."
"Virginia ","2,007,919 ","757,958 ","757,958 ","0 ",2024,8,2023,6,"Virginia expanded its Medicaid program by adopting the VIII Group on January 1, 2019."
"Washington ","2,133,317 ","808,394 ","788,137 ","20,257 ",2024,8,2023,6,
"West Virginia ","627,879 ","232,342 ","232,342 ","0 ",2024,8,2023,6,
"Wisconsin ","1,540,815 ",N/A,N/A,N/A,2024,8,2023,6,
"Wyoming ","88,092 ",N/A,N/A,N/A,2024,8,2023,6,
Totals,"98,489,504 ","24,510,521 ","19,690,802 ","4,819,719 ",2024,8,2023,6,
"Alabama ","1,353,361 ",N/A,N/A,N/A,2024,8,2023,7,
"Alaska ","253,822 ","74,141 ","74,139 ","2 ",2024,8,2023,7,"Alaska expanded its Medicaid program by adopting the VIII Group on September 1, 2015."
"Amer. Samoa ","33,887 ",N/A,N/A,N/A,2024,8,2023,7,
"Arizona ","2,269,923 ","674,061 ","142,144 ","531,917 ",2024,8,2023,7,
"Arkansas ","918,743 ","284,753 ","272,364 ","12,389 ",2024,8,2023,7,
"California ","15,362,807 ","5,322,018 ","5,290,778 ","31,240 ",2024,8,2023,7,
"Colorado ","1,631,208 ","595,878 ","587,705 ","8,173 ",2024,8,2023,7,
"Connecticut ","1,162,357 ","372,514 ","341,718 ","30,796 ",2024,8,2023,7,
"Delaware ","298,788 ","102,146 ","15,890 ","86,256 ",2024,8,2023,7,
"Dist. Of Col. ","293,744 ","139,049 ","93,184 ","45,865 ",2024,8,2023,7,
"Florida ","5,318,887 ",N/A,N/A,N/A,2024,8,2023,7,
"Georgia ","2,618,313 ",N/A,N/A,N/A,2024,8,2023,7,
"Guam ","44,290 ","6,156 ",N/A,"6,156 ",2024,8,2023,7,
"Hawaii ","467,667 ","183,074 ","30,830 ","152,244 ",2024,8,2023,7,
"Idaho ","391,557 ","107,712 ","107,712 ","0 ",2024,8,2023,7,"Idaho expanded its Medicaid program by adopting the VIII Group on January 1, 2020."
"Illinois ","3,461,287 ","1,009,085 ","929,131 ","79,954 ",2024,8,2023,7,
"Indiana ","2,040,189 ","595,756 ","595,756 ","0 ",2024,8,2023,7,"Indiana expanded its Medicaid program by adopting the VIII Group on February 1, 2015."
"Iowa ","739,215 ","234,738 ","203,710 ","31,028 ",2024,8,2023,7,
"Kansas ","451,186 ",N/A,N/A,N/A,2024,8,2023,7,
"Kentucky ","1,546,316 ","618,591 ","618,591 ","0 ",2024,8,2023,7,
"Louisiana ","2,030,832 ","774,910 ","774,910 ","0 ",2024,8,2023,7,"Louisiana expanded its Medicaid program by adopting the VIII Group on July 1, 2016."
"Maine ","410,332 ","116,572 ","92,718 ","23,854 ",2024,8,2023,7,"Maine Expanded its Medicaid program by adopting the VIII Group on July 1, 2018."
"Maryland ","1,597,078 ","463,274 ","463,274 ","0 ",2024,8,2023,7,
"Massachusetts ","2,290,802 ","504,956 ","0 ","504,956 ",2024,8,2023,7,
"Michigan ","3,119,994 ","1,095,898 ","1,025,517 ","70,381 ",2024,8,2023,7,"Michigan expanded its Medicaid program by adopting the VIII Group on April 1, 2014."
"Minnesota ","1,422,107 ","326,995 ","326,995 ","0 ",2024,8,2023,7,
"Mississippi ","834,487 ",N/A,N/A,N/A,2024,8,2023,7,
"Missouri ","1,482,476 ","350,795 ","350,795 ","0 ",2024,8,2023,7,"Missouri expanded its Medicaid program by adopting the VIII Group on October 1, 2021."
"Montana ","286,090 ","110,649 ","110,649 ","0 ",2024,8,2023,7,"Montana expanded its Medicaid program by adopting the VIII Group on January 1, 2016."
"N. Mariana Islands ","17,129 ",N/A,N/A,N/A,2024,8,2023,7,
"Nebraska ","385,773 ","82,590 ","80,692 ","1,898 ",2024,8,2023,7,
"Nevada ","842,547 ","380,564 ","380,564 ","0 ",2024,8,2023,7,
"New Hampshire ","192,277 ","65,068 ","64,622 ","446 ",2024,8,2023,7,"New Hampshire expanded its Medicaid program by adopting the VIII Group on August 15, 2014."
"New Jersey ","2,169,073 ","784,071 ","784,071 ","0 ",2024,8,2023,7,
"New Mexico ","925,158 ","288,232 ","288,232 ","0 ",2024,8,2023,7,
"New York ","7,935,241 ","2,582,592 ","436,117 ","2,146,475 ",2024,8,2023,7,
"North Carolina ","2,963,439 ","0 ","0 ","0 ",2024,8,2023,7,
"North Dakota ","127,424 ","34,119 ","32,424 ","1,695 ",2024,8,2023,7,
"Ohio ","3,527,618 ","878,906 ","878,665 ","241 ",2024,8,2023,7,
"Oklahoma ","1,211,825 ","365,810 ","365,810 ","0 ",2024,8,2023,7,"Oklahoma expanded its Medicaid program by adopting the VIII Group on July 1, 2021."
"Oregon ","1,354,166 ","728,674 ","619,437 ","109,237 ",2024,8,2023,7,
"Pennsylvania ","3,588,827 ","1,149,301 ","1,084,846 ","64,455 ",2024,8,2023,7,"Pennsylvania expanded its Medicaid program by adopting the VIII Group on January 1, 2015."
"Puerto Rico ","1,522,500 ","695,770 ",N/A,"695,770 ",2024,8,2023,7,
"Rhode Island ","362,475 ","102,173 ","102,173 ","0 ",2024,8,2023,7,
"South Carolina ","1,538,130 ",N/A,N/A,N/A,2024,8,2023,7,
"South Dakota ","109,030 ","4,125 ","4,125 ","0 ",2024,8,2023,7," South Dakota expanded its Medicaid program by adopting the VIII Group on July 1, 2023."
"Tennessee ","1,892,813 ",N/A,N/A,N/A,2024,8,2023,7,
"Texas ","5,880,923 ",N/A,N/A,N/A,2024,8,2023,7,
"Utah ","459,257 ","126,383 ","125,437 ","946 ",2024,8,2023,7,"Utah expanded its Medicaid program by adopting the VIII Group on January 1, 2020."
"Vermont ","193,412 ","82,448 ","0 ","82,448 ",2024,8,2023,7,
"Virgin Islands ","36,868 ","18,248 ",N/A,"18,248 ",2024,8,2023,7,"The Virgin Islands expanded its Medicaid program by adopting the VIII Group on June 1, 2015."
"Virginia ","1,997,416 ","752,549 ","752,549 ","0 ",2024,8,2023,7,"Virginia expanded its Medicaid program by adopting the VIII Group on January 1, 2019."
"Washington ","2,056,657 ","760,521 ","740,744 ","19,777 ",2024,8,2023,7,
"West Virginia ","614,687 ","225,701 ","225,701 ","0 ",2024,8,2023,7,
"Wisconsin ","1,502,101 ",N/A,N/A,N/A,2024,8,2023,7,
"Wyoming ","88,080 ",N/A,N/A,N/A,2024,8,2023,7,
Totals,"97,626,591 ","24,171,566 ","19,414,719 ","4,756,847 ",2024,8,2023,7,
"Alabama ","1,325,088 ",N/A,N/A,N/A,2024,8,2023,8,
"Alaska ","247,346 ","72,277 ","72,275 ","2 ",2024,8,2023,8,"Alaska expanded its Medicaid program by adopting the VIII Group on September 1, 2015."
"Amer. Samoa ","33,887 ",N/A,N/A,N/A,2024,8,2023,8,
"Arizona ","2,240,485 ","658,089 ","135,356 ","522,733 ",2024,8,2023,8,
"Arkansas ","868,551 ","264,913 ","254,406 ","10,507 ",2024,8,2023,8,
"California ","15,343,746 ","5,326,420 ","5,295,388 ","31,032 ",2024,8,2023,8,
"Colorado ","1,582,723 ","573,810 ","565,769 ","8,041 ",2024,8,2023,8,
"Connecticut ","1,146,797 ","374,121 ","342,311 ","31,810 ",2024,8,2023,8,
"Delaware ","290,897 ","98,720 ","15,263 ","83,457 ",2024,8,2023,8,
"Dist. Of Col. ","289,666 ","135,879 ","90,738 ","45,141 ",2024,8,2023,8,
"Florida ","5,376,391 ",N/A,N/A,N/A,2024,8,2023,8,
"Georgia ","2,478,927 ",N/A,N/A,N/A,2024,8,2023,8,
"Guam ","44,534 ","6,197 ",N/A,"6,197 ",2024,8,2023,8,
"Hawaii ","467,849 ","181,238 ","30,399 ","150,839 ",2024,8,2023,8,
"Idaho ","371,854 ","97,821 ","97,821 ","0 ",2024,8,2023,8,"Idaho expanded its Medicaid program by adopting the VIII Group on January 1, 2020."
"Illinois ","3,431,322 ","1,003,098 ","922,853 ","80,245 ",2024,8,2023,8,
"Indiana ","2,002,413 ","591,406 ","591,406 ","0 ",2024,8,2023,8,"Indiana expanded its Medicaid program by adopting the VIII Group on February 1, 2015."
"Iowa ","707,178 ","219,540 ","193,110 ","26,430 ",2024,8,2023,8,
"Kansas ","434,877 ",N/A,N/A,N/A,2024,8,2023,8,
"Kentucky ","1,527,569 ","606,434 ","606,434 ","0 ",2024,8,2023,8,
"Louisiana ","1,998,063 ","759,228 ","759,228 ","0 ",2024,8,2023,8,"Louisiana expanded its Medicaid program by adopting the VIII Group on July 1, 2016."
"Maine ","408,101 ","116,446 ","92,471 ","23,975 ",2024,8,2023,8,"Maine Expanded its Medicaid program by adopting the VIII Group on July 1, 2018."
"Maryland ","1,576,830 ","457,544 ","457,544 ","0 ",2024,8,2023,8,
"Massachusetts ","2,280,258 ","482,112 ","0 ","482,112 ",2024,8,2023,8,
"Michigan ","3,060,470 ","1,069,103 ","1,001,383 ","67,720 ",2024,8,2023,8,"Michigan expanded its Medicaid program by adopting the VIII Group on April 1, 2014."
"Minnesota ","1,394,888 ","317,995 ","317,995 ","0 ",2024,8,2023,8,
"Mississippi ","814,786 ",N/A,N/A,N/A,2024,8,2023,8,
"Missouri ","1,468,978 ","349,933 ","349,933 ","0 ",2024,8,2023,8,"Missouri expanded its Medicaid program by adopting the VIII Group on October 1, 2021."
"Montana ","274,226 ","104,272 ","104,272 ","0 ",2024,8,2023,8,"Montana expanded its Medicaid program by adopting the VIII Group on January 1, 2016."
"N. Mariana Islands ","15,371 ",N/A,N/A,N/A,2024,8,2023,8,
"Nebraska ","392,231 ","84,289 ","82,338 ","1,951 ",2024,8,2023,8,
"Nevada ","839,485 ","378,160 ","378,160 ","0 ",2024,8,2023,8,
"New Hampshire ","186,699 ","60,498 ","60,064 ","434 ",2024,8,2023,8,"New Hampshire expanded its Medicaid program by adopting the VIII Group on August 15, 2014."
"New Jersey ","2,152,063 ","776,452 ","776,452 ","0 ",2024,8,2023,8,
"New Mexico ","901,881 ","279,626 ","279,626 ","0 ",2024,8,2023,8,
"New York ","7,821,660 ","2,540,512 ","426,091 ","2,114,421 ",2024,8,2023,8,
"North Carolina ","2,946,142 ","0 ","0 ","0 ",2024,8,2023,8,
"North Dakota ","122,708 ","32,298 ","30,742 ","1,556 ",2024,8,2023,8,
"Ohio ","3,470,759 ","859,525 ","859,293 ","232 ",2024,8,2023,8,
"Oklahoma ","1,186,287 ","344,083 ","344,083 ","0 ",2024,8,2023,8,"Oklahoma expanded its Medicaid program by adopting the VIII Group on July 1, 2021."
"Oregon ","1,348,988 ","724,863 ","613,640 ","111,223 ",2024,8,2023,8,
"Pennsylvania ","3,535,700 ","1,123,544 ","1,060,721 ","62,823 ",2024,8,2023,8,"Pennsylvania expanded its Medicaid program by adopting the VIII Group on January 1, 2015."
"Puerto Rico ","1,529,641 ","698,443 ",N/A,"698,443 ",2024,8,2023,8,
"Rhode Island ","360,912 ","100,399 ","100,399 ","0 ",2024,8,2023,8,
"South Carolina ","1,535,878 ",N/A,N/A,N/A,2024,8,2023,8,
"South Dakota ","109,131 ","7,478 ","7,478 ","0 ",2024,8,2023,8," South Dakota expanded its Medicaid program by adopting the VIII Group on July 1, 2023."
"Tennessee ","1,876,773 ",N/A,N/A,N/A,2024,8,2023,8,
"Texas ","5,757,792 ",N/A,N/A,N/A,2024,8,2023,8,
"Utah ","442,859 ","119,051 ","118,032 ","1,019 ",2024,8,2023,8,"Utah expanded its Medicaid program by adopting the VIII Group on January 1, 2020."
"Vermont ","193,330 ","82,148 ","0 ","82,148 ",2024,8,2023,8,
"Virgin Islands ","35,311 ","17,257 ",N/A,"17,257 ",2024,8,2023,8,"The Virgin Islands expanded its Medicaid program by adopting the VIII Group on June 1, 2015."
"Virginia ","1,976,607 ","745,460 ","745,460 ","0 ",2024,8,2023,8,"Virginia expanded its Medicaid program by adopting the VIII Group on January 1, 2019."
"Washington ","1,992,717 ","718,547 ","698,782 ","19,765 ",2024,8,2023,8,
"West Virginia ","598,091 ","216,686 ","216,686 ","0 ",2024,8,2023,8,
"Wisconsin ","1,470,548 ",N/A,N/A,N/A,2024,8,2023,8,
"Wyoming ","77,896 ",N/A,N/A,N/A,2024,8,2023,8,
Totals,"96,366,160 ","23,775,915 ","19,094,402 ","4,681,513 ",2024,8,2023,8,
"Alabama ","1,296,845 ",N/A,N/A,N/A,2024,8,2023,9,
"Alaska ","239,256 ","69,669 ","69,666 ","3 ",2024,8,2023,9,"Alaska expanded its Medicaid program by adopting the VIII Group on September 1, 2015."
"Amer. Samoa ","33,887 ",N/A,N/A,N/A,2024,8,2023,9,
"Arizona ","2,231,576 ","655,976 ","131,699 ","524,277 ",2024,8,2023,9,
"Arkansas ","835,268 ","253,254 ","244,108 ","9,146 ",2024,8,2023,9,
"California ","15,027,570 ","5,181,885 ","5,151,950 ","29,935 ",2024,8,2023,9,
"Colorado ","1,532,057 ","551,705 ","544,038 ","7,667 ",2024,8,2023,9,
"Connecticut ","1,133,861 ","365,972 ","334,664 ","31,308 ",2024,8,2023,9,
"Delaware ","283,833 ","95,609 ","14,652 ","80,957 ",2024,8,2023,9,
"Dist. Of Col. ","285,806 ","133,015 ","88,458 ","44,557 ",2024,8,2023,9,
"Florida ","5,417,062 ",N/A,N/A,N/A,2024,8,2023,9,
"Georgia ","2,463,031 ",N/A,N/A,N/A,2024,8,2023,9,
"Guam ","44,400 ","6,188 ",N/A,"6,188 ",2024,8,2023,9,
"Hawaii ","468,770 ","180,087 ","29,909 ","150,178 ",2024,8,2023,9,
"Idaho ","337,811 ","83,833 ","83,833 ","0 ",2024,8,2023,9,"Idaho expanded its Medicaid program by adopting the VIII Group on January 1, 2020."
"Illinois ","3,413,142 ","1,003,575 ","922,080 ","81,495 ",2024,8,2023,9,
"Indiana ","1,956,949 ","581,737 ","581,737 ","0 ",2024,8,2023,9,"Indiana expanded its Medicaid program by adopting the VIII Group on February 1, 2015."
"Iowa ","680,060 ","209,090 ","186,569 ","22,521 ",2024,8,2023,9,
"Kansas ","432,100 ",N/A,N/A,N/A,2024,8,2023,9,
"Kentucky ","1,506,338 ","593,558 ","593,558 ","0 ",2024,8,2023,9,
"Louisiana ","1,955,683 ","737,762 ","737,762 ","0 ",2024,8,2023,9,"Louisiana expanded its Medicaid program by adopting the VIII Group on July 1, 2016."
"Maine ","403,931 ","115,294 ","91,408 ","23,886 ",2024,8,2023,9,"Maine Expanded its Medicaid program by adopting the VIII Group on July 1, 2018."
"Maryland ","1,571,402 ","455,948 ","455,948 ","0 ",2024,8,2023,9,
"Massachusetts ","2,251,713 ","463,523 ","0 ","463,523 ",2024,8,2023,9,
"Michigan ","2,990,955 ","1,037,639 ","973,148 ","64,491 ",2024,8,2023,9,"Michigan expanded its Medicaid program by adopting the VIII Group on April 1, 2014."
"Minnesota ","1,357,278 ","307,001 ","307,001 ","0 ",2024,8,2023,9,
"Mississippi ","794,563 ",N/A,N/A,N/A,2024,8,2023,9,
"Missouri ","1,441,448 ","343,168 ","343,168 ","0 ",2024,8,2023,9,"Missouri expanded its Medicaid program by adopting the VIII Group on October 1, 2021."
"Montana ","259,306 ","96,676 ","96,676 ","0 ",2024,8,2023,9,"Montana expanded its Medicaid program by adopting the VIII Group on January 1, 2016."
"N. Mariana Islands ","15,013 ",N/A,N/A,N/A,2024,8,2023,9,
"Nebraska ","384,741 ","82,590 ","80,692 ","1,898 ",2024,8,2023,9,
"Nevada ","833,089 ","374,633 ","374,633 ","0 ",2024,8,2023,9,
"New Hampshire ","185,247 ","61,067 ","60,642 ","425 ",2024,8,2023,9,"New Hampshire expanded its Medicaid program by adopting the VIII Group on August 15, 2014."
"New Jersey ","2,107,088 ","750,628 ","750,628 ","0 ",2024,8,2023,9,
"New Mexico ","869,896 ","268,125 ","268,125 ","0 ",2024,8,2023,9,
"New York ","7,696,056 ","2,496,091 ","417,302 ","2,078,789 ",2024,8,2023,9,
"North Carolina ","2,917,127 ","0 ","0 ","0 ",2024,8,2023,9,
"North Dakota ","120,654 ","31,465 ","29,964 ","1,501 ",2024,8,2023,9,
"Ohio ","3,415,984 ","839,854 ","839,630 ","224 ",2024,8,2023,9,
"Oklahoma ","1,077,766 ","303,033 ","303,033 ","0 ",2024,8,2023,9,"Oklahoma expanded its Medicaid program by adopting the VIII Group on July 1, 2021."
"Oregon ","1,340,114 ","719,700 ","608,684 ","111,016 ",2024,8,2023,9,
"Pennsylvania ","3,459,823 ","1,085,603 ","1,024,336 ","61,267 ",2024,8,2023,9,"Pennsylvania expanded its Medicaid program by adopting the VIII Group on January 1, 2015."
"Puerto Rico ","1,525,572 ","695,102 ",N/A,"695,102 ",2024,8,2023,9,
"Rhode Island ","358,348 ","97,376 ","97,376 ","0 ",2024,8,2023,9,
"South Carolina ","1,537,683 ",N/A,N/A,N/A,2024,8,2023,9,
"South Dakota ","109,315 ","10,164 ","10,164 ","0 ",2024,8,2023,9," South Dakota expanded its Medicaid program by adopting the VIII Group on July 1, 2023."
"Tennessee ","1,841,592 ",N/A,N/A,N/A,2024,8,2023,9,
"Texas ","5,418,672 ",N/A,N/A,N/A,2024,8,2023,9,
"Utah ","427,484 ","113,482 ","112,450 ","1,032 ",2024,8,2023,9,"Utah expanded its Medicaid program by adopting the VIII Group on January 1, 2020."
"Vermont ","189,672 ","79,459 ","0 ","79,459 ",2024,8,2023,9,
"Virgin Islands ","30,867 ","14,556 ",N/A,"14,556 ",2024,8,2023,9,"The Virgin Islands expanded its Medicaid program by adopting the VIII Group on June 1, 2015."
"Virginia ","1,959,631 ","739,411 ","739,411 ","0 ",2024,8,2023,9,"Virginia expanded its Medicaid program by adopting the VIII Group on January 1, 2019."
"Washington ","1,981,472 ","708,463 ","688,514 ","19,949 ",2024,8,2023,9,
"West Virginia ","583,289 ","207,927 ","207,927 ","0 ",2024,8,2023,9,
"Wisconsin ","1,437,713 ",N/A,N/A,N/A,2024,8,2023,9,
"Wyoming ","78,650 ",N/A,N/A,N/A,2024,8,2023,9,
Totals,"94,548,459 ","23,200,893 ","18,595,543 ","4,605,350 ",2024,8,2023,9,
"Alabama ","1,274,106 ",N/A,N/A,N/A,2024,8,2023,10,
"Alaska ","237,156 ","69,420 ","69,418 ","2 ",2024,8,2023,10,"Alaska expanded its Medicaid program by adopting the VIII Group on September 1, 2015."
"Amer. Samoa ","33,746 ",N/A,N/A,N/A,2024,8,2023,10,
"Arizona ","2,186,792 ","646,792 ","128,182 ","518,610 ",2024,8,2023,10,
"Arkansas ","833,064 ","258,671 ","249,405 ","9,266 ",2024,8,2023,10,
"California ","15,027,928 ","5,158,727 ","5,129,486 ","29,241 ",2024,8,2023,10,
"Colorado ","1,514,567 ","545,149 ","533,777 ","11,372 ",2024,8,2023,10,
"Connecticut ","1,112,775 ","364,726 ","333,638 ","31,088 ",2024,8,2023,10,
"Delaware ","281,904 ","94,924 ","14,084 ","80,840 ",2024,8,2023,10,
"Dist. Of Col. ","284,190 ","132,343 ","87,897 ","44,446 ",2024,8,2023,10,
"Florida ","5,144,491 ",N/A,N/A,N/A,2024,8,2023,10,
"Georgia ","2,427,413 ",N/A,N/A,N/A,2024,8,2023,10,
"Guam ","45,008 ","6,310 ",N/A,"6,310 ",2024,8,2023,10,
"Hawaii ","470,339 ","180,918 ","30,095 ","150,823 ",2024,8,2023,10,
"Idaho ","365,633 ","98,791 ","98,791 ","0 ",2024,8,2023,10,"Idaho expanded its Medicaid program by adopting the VIII Group on January 1, 2020."
"Illinois ","3,318,486 ","968,357 ","885,919 ","82,438 ",2024,8,2023,10,
"Indiana ","1,967,139 ","585,137 ","585,137 ","0 ",2024,8,2023,10,"Indiana expanded its Medicaid program by adopting the VIII Group on February 1, 2015."
"Iowa ","665,102 ","203,611 ","184,568 ","19,043 ",2024,8,2023,10,
"Kansas ","428,383 ",N/A,N/A,N/A,2024,8,2023,10,
"Kentucky ","1,512,894 ","591,963 ","591,963 ","0 ",2024,8,2023,10,
"Louisiana ","1,931,202 ","724,868 ","724,868 ","0 ",2024,8,2023,10,"Louisiana expanded its Medicaid program by adopting the VIII Group on July 1, 2016."
"Maine ","400,654 ","114,835 ","91,122 ","23,713 ",2024,8,2023,10,"Maine Expanded its Medicaid program by adopting the VIII Group on July 1, 2018."
"Maryland ","1,572,628 ","457,294 ","457,294 ","0 ",2024,8,2023,10,
"Massachusetts ","2,275,212 ","481,368 ","0 ","481,368 ",2024,8,2023,10,
"Michigan ","2,908,263 ","1,004,025 ","942,990 ","61,035 ",2024,8,2023,10,"Michigan expanded its Medicaid program by adopting the VIII Group on April 1, 2014."
"Minnesota ","1,366,844 ","305,284 ","305,284 ","0 ",2024,8,2023,10,
"Mississippi ","779,328 ",N/A,N/A,N/A,2024,8,2023,10,
"Missouri ","1,421,390 ","339,843 ","339,843 ","0 ",2024,8,2023,10,"Missouri expanded its Medicaid program by adopting the VIII Group on October 1, 2021."
"Montana ","245,717 ","89,826 ","89,826 ","0 ",2024,8,2023,10,"Montana expanded its Medicaid program by adopting the VIII Group on January 1, 2016."
"N. Mariana Islands ","15,496 ",N/A,N/A,N/A,2024,8,2023,10,
"Nebraska ","378,820 ","81,211 ","79,334 ","1,877 ",2024,8,2023,10,
"Nevada ","832,983 ","374,579 ","374,579 ","0 ",2024,8,2023,10,
"New Hampshire ","182,772 ","60,444 ","60,009 ","435 ",2024,8,2023,10,"New Hampshire expanded its Medicaid program by adopting the VIII Group on August 15, 2014."
"New Jersey ","2,063,916 ","728,228 ","728,228 ","0 ",2024,8,2023,10,
"New Mexico ","912,357 ","285,526 ","285,526 ","0 ",2024,8,2023,10,
"New York ","7,702,202 ","2,484,812 ","411,049 ","2,073,763 ",2024,8,2023,10,
"North Carolina ","498,712 ","0 ","0 ","0 ",2024,8,2023,10,
"North Dakota ","120,476 ","31,180 ","29,683 ","1,497 ",2024,8,2023,10,
"Ohio ","3,369,699 ","823,347 ","823,134 ","213 ",2024,8,2023,10,
"Oklahoma ","1,060,227 ","289,589 ","289,589 ","0 ",2024,8,2023,10,"Oklahoma expanded its Medicaid program by adopting the VIII Group on July 1, 2021."
"Oregon ","1,339,154 ","711,787 ","600,424 ","111,363 ",2024,8,2023,10,
"Pennsylvania ","3,398,908 ","1,053,921 ","994,139 ","59,782 ",2024,8,2023,10,"Pennsylvania expanded its Medicaid program by adopting the VIII Group on January 1, 2015."
"Puerto Rico ","1,548,689 ","716,192 ",N/A,"716,192 ",2024,8,2023,10,
"Rhode Island ","350,858 ","93,050 ","93,050 ","0 ",2024,8,2023,10,
"South Carolina ","1,509,669 ",N/A,N/A,N/A,2024,8,2023,10,
"South Dakota ","110,371 ","12,623 ","12,623 ","0 ",2024,8,2023,10," South Dakota expanded its Medicaid program by adopting the VIII Group on July 1, 2023."
"Tennessee ","1,827,750 ",N/A,N/A,N/A,2024,8,2023,10,
"Texas ","5,117,255 ",N/A,N/A,N/A,2024,8,2023,10,
"Utah ","409,586 ","107,934 ","106,878 ","1,056 ",2024,8,2023,10,"Utah expanded its Medicaid program by adopting the VIII Group on January 1, 2020."
"Vermont ","184,646 ","76,181 ","0 ","76,181 ",2024,8,2023,10,
"Virgin Islands ","29,680 ","13,726 ",N/A,"13,726 ",2024,8,2023,10,"The Virgin Islands expanded its Medicaid program by adopting the VIII Group on June 1, 2015."
"Virginia ","1,968,702 ","747,844 ","747,844 ","0 ",2024,8,2023,10,"Virginia expanded its Medicaid program by adopting the VIII Group on January 1, 2019."
"Washington ","1,979,335 ","702,750 ","681,988 ","20,762 ",2024,8,2023,10,
"West Virginia ","574,968 ","198,563 ","198,563 ","0 ",2024,8,2023,10,
"Wisconsin ","1,422,573 ",N/A,N/A,N/A,2024,8,2023,10,
"Wyoming ","79,329 ",N/A,N/A,N/A,2024,8,2023,10,
Totals,"91,021,487 ","23,016,669 ","18,390,227 ","4,626,442 ",2024,8,2023,10,
"Alabama ","1,251,355 ",N/A,N/A,N/A,2024,8,2023,11,
"Alaska ","234,711 ","69,533 ","69,526 ","7 ",2024,8,2023,11,"Alaska expanded its Medicaid program by adopting the VIII Group on September 1, 2015."
"Amer. Samoa ","33,746 ",N/A,N/A,N/A,2024,8,2023,11,
"Arizona ","2,175,831 ","644,434 ","125,228 ","519,206 ",2024,8,2023,11,
"Arkansas ","823,207 ","258,406 ","249,727 ","8,679 ",2024,8,2023,11,
"California ","14,851,364 ","5,089,454 ","5,060,662 ","28,792 ",2024,8,2023,11,
"Colorado ","1,418,765 ","500,826 ","489,616 ","11,210 ",2024,8,2023,11,
"Connecticut ","1,121,137 ","355,012 ","325,287 ","29,725 ",2024,8,2023,11,
"Delaware ","277,013 ","92,067 ","13,549 ","78,518 ",2024,8,2023,11,
"Dist. Of Col. ","278,617 ","129,075 ","85,519 ","43,556 ",2024,8,2023,11,
"Florida ","4,982,505 ",N/A,N/A,N/A,2024,8,2023,11,
"Georgia ","2,278,390 ",N/A,N/A,N/A,2024,8,2023,11,
"Guam ","45,007 ","6,334 ",N/A,"6,334 ",2024,8,2023,11,
"Hawaii ","472,822 ","179,517 ","29,064 ","150,453 ",2024,8,2023,11,
"Idaho ","366,407 ","99,277 ","99,277 ","0 ",2024,8,2023,11,"Idaho expanded its Medicaid program by adopting the VIII Group on January 1, 2020."
"Illinois ","3,266,394 ","953,241 ","869,890 ","83,351 ",2024,8,2023,11,
"Indiana ","1,932,039 ","582,862 ","582,862 ","0 ",2024,8,2023,11,"Indiana expanded its Medicaid program by adopting the VIII Group on February 1, 2015."
"Iowa ","644,915 ","196,623 ","181,295 ","15,328 ",2024,8,2023,11,
"Kansas ","412,083 ",N/A,N/A,N/A,2024,8,2023,11,
"Kentucky ","1,487,520 ","573,483 ","573,483 ","0 ",2024,8,2023,11,
"Louisiana ","1,901,623 ","708,156 ","708,156 ","0 ",2024,8,2023,11,"Louisiana expanded its Medicaid program by adopting the VIII Group on July 1, 2016."
"Maine ","401,727 ","114,177 ","90,514 ","23,663 ",2024,8,2023,11,"Maine Expanded its Medicaid program by adopting the VIII Group on July 1, 2018."
"Maryland ","1,574,280 ","459,559 ","459,559 ","0 ",2024,8,2023,11,
"Massachusetts ","2,217,114 ","456,045 ","0 ","456,045 ",2024,8,2023,11,
"Michigan ","2,822,248 ","966,314 ","908,878 ","57,436 ",2024,8,2023,11,"Michigan expanded its Medicaid program by adopting the VIII Group on April 1, 2014."
"Minnesota ","1,362,801 ","305,903 ","305,903 ","0 ",2024,8,2023,11,
"Mississippi ","769,171 ",N/A,N/A,N/A,2024,8,2023,11,
"Missouri ","1,403,291 ","337,602 ","337,602 ","0 ",2024,8,2023,11,"Missouri expanded its Medicaid program by adopting the VIII Group on October 1, 2021."
"Montana ","238,630 ","86,630 ","86,630 ","0 ",2024,8,2023,11,"Montana expanded its Medicaid program by adopting the VIII Group on January 1, 2016."
"N. Mariana Islands ","15,612 ",N/A,N/A,N/A,2024,8,2023,11,
"Nebraska ","371,697 ","79,599 ","77,718 ","1,881 ",2024,8,2023,11,
"Nevada ","813,954 ","363,515 ","363,515 ","0 ",2024,8,2023,11,
"New Hampshire ","181,068 ","60,190 ","59,721 ","469 ",2024,8,2023,11,"New Hampshire expanded its Medicaid program by adopting the VIII Group on August 15, 2014."
"New Jersey ","2,006,933 ","700,572 ","700,572 ","0 ",2024,8,2023,11,
"New Mexico ","895,689 ","283,099 ","283,099 ","0 ",2024,8,2023,11,
"New York ","7,624,292 ","2,449,884 ","404,929 ","2,044,955 ",2024,8,2023,11,
"North Carolina ","495,616 ","0 ","0 ","0 ",2024,8,2023,11,
"North Dakota ","116,877 ","29,943 ","28,502 ","1,441 ",2024,8,2023,11,
"Ohio ","3,315,428 ","807,275 ","807,065 ","210 ",2024,8,2023,11,
"Oklahoma ","1,017,183 ","270,368 ","270,368 ","0 ",2024,8,2023,11,"Oklahoma expanded its Medicaid program by adopting the VIII Group on July 1, 2021."
"Oregon ","1,333,738 ","707,694 ","596,072 ","111,622 ",2024,8,2023,11,
"Pennsylvania ","3,346,884 ","1,027,964 ","969,157 ","58,807 ",2024,8,2023,11,"Pennsylvania expanded its Medicaid program by adopting the VIII Group on January 1, 2015."
"Puerto Rico ","1,528,052 ","700,761 ",N/A,"700,761 ",2024,8,2023,11,
"Rhode Island ","347,182 ","87,539 ","87,539 ","0 ",2024,8,2023,11,
"South Carolina ","1,466,767 ",N/A,N/A,N/A,2024,8,2023,11,
"South Dakota ","111,810 ","15,050 ","15,050 ","0 ",2024,8,2023,11," South Dakota expanded its Medicaid program by adopting the VIII Group on July 1, 2023."
"Tennessee ","1,778,345 ",N/A,N/A,N/A,2024,8,2023,11,
"Texas ","4,803,385 ",N/A,N/A,N/A,2024,8,2023,11,
"Utah ","391,823 ","103,576 ","102,506 ","1,070 ",2024,8,2023,11,"Utah expanded its Medicaid program by adopting the VIII Group on January 1, 2020."
"Vermont ","181,976 ","74,341 ","0 ","74,341 ",2024,8,2023,11,
"Virgin Islands ","27,931 ","12,675 ",N/A,"12,675 ",2024,8,2023,11,"The Virgin Islands expanded its Medicaid program by adopting the VIII Group on June 1, 2015."
"Virginia ","1,967,535 ","745,728 ","745,728 ","0 ",2024,8,2023,11,"Virginia expanded its Medicaid program by adopting the VIII Group on January 1, 2019."
"Washington ","1,967,745 ","696,889 ","676,724 ","20,165 ",2024,8,2023,11,
"West Virginia ","561,326 ","190,901 ","190,901 ","0 ",2024,8,2023,11,
"Wisconsin ","1,402,364 ",N/A,N/A,N/A,2024,8,2023,11,
"Wyoming ","78,333 ",N/A,N/A,N/A,2024,8,2023,11,
Totals,"89,194,258 ","22,572,093 ","18,031,393 ","4,540,700 ",2024,8,2023,11,
"Alabama ","1,229,510 ",N/A,N/A,N/A,2024,8,2023,12,
"Alaska ","232,790 ","69,901 ","69,898 ","3 ",2024,8,2023,12,"Alaska expanded its Medicaid program by adopting the VIII Group on September 1, 2015."
"Amer. Samoa ","33,746 ",N/A,N/A,N/A,2024,8,2023,12,
"Arizona ","2,161,683 ","642,667 ","124,743 ","517,924 ",2024,8,2023,12,
"Arkansas ","798,227 ","252,807 ","244,939 ","7,868 ",2024,8,2023,12,
"California ","14,631,091 ","5,001,119 ","4,972,957 ","28,162 ",2024,8,2023,12,
"Colorado ","1,371,187 ","475,127 ","464,224 ","10,903 ",2024,8,2023,12,
"Connecticut ","1,113,309 ","349,916 ","320,507 ","29,409 ",2024,8,2023,12,
"Delaware ","273,659 ","89,738 ","13,120 ","76,618 ",2024,8,2023,12,
"Dist. Of Col. ","273,872 ","125,974 ","83,186 ","42,788 ",2024,8,2023,12,
"Florida ","4,851,622 ",N/A,N/A,N/A,2024,8,2023,12,
"Georgia ","2,252,053 ",N/A,N/A,N/A,2024,8,2023,12,
"Guam ","44,701 ","6,301 ",N/A,"6,301 ",2024,8,2023,12,
"Hawaii ","470,109 ","177,082 ","28,188 ","148,894 ",2024,8,2023,12,
"Idaho ","366,802 ","99,604 ","99,604 ","0 ",2024,8,2023,12,"Idaho expanded its Medicaid program by adopting the VIII Group on January 1, 2020."
"Illinois ","3,214,862 ","932,915 ","848,616 ","84,299 ",2024,8,2023,12,
"Indiana ","1,883,795 ","572,448 ","572,448 ","0 ",2024,8,2023,12,"Indiana expanded its Medicaid program by adopting the VIII Group on February 1, 2015."
"Iowa ","629,725 ","192,067 ","180,101 ","11,966 ",2024,8,2023,12,
"Kansas ","389,861 ",N/A,N/A,N/A,2024,8,2023,12,
"Kentucky ","1,465,811 ","558,936 ","558,936 ","0 ",2024,8,2023,12,
"Louisiana ","1,866,899 ","688,932 ","688,932 ","0 ",2024,8,2023,12,"Louisiana expanded its Medicaid program by adopting the VIII Group on July 1, 2016."
"Maine ","400,927 ","114,003 ","90,236 ","23,767 ",2024,8,2023,12,"Maine Expanded its Medicaid program by adopting the VIII Group on July 1, 2018."
"Maryland ","1,549,990 ","447,167 ","447,167 ","0 ",2024,8,2023,12,
"Massachusetts ","2,137,060 ","437,366 ","0 ","437,366 ",2024,8,2023,12,
"Michigan ","2,760,267 ","936,072 ","881,025 ","55,047 ",2024,8,2023,12,"Michigan expanded its Medicaid program by adopting the VIII Group on April 1, 2014."
"Minnesota ","1,354,920 ","305,400 ","305,400 ","0 ",2024,8,2023,12,
"Mississippi ","756,337 ",N/A,N/A,N/A,2024,8,2023,12,
"Missouri ","1,383,781 ","334,986 ","334,986 ","0 ",2024,8,2023,12,"Missouri expanded its Medicaid program by adopting the VIII Group on October 1, 2021."
"Montana ","228,787 ","84,536 ","84,536 ","0 ",2024,8,2023,12,"Montana expanded its Medicaid program by adopting the VIII Group on January 1, 2016."
"N. Mariana Islands ","15,901 ",N/A,N/A,N/A,2024,8,2023,12,
"Nebraska ","366,946 ","78,665 ","76,818 ","1,847 ",2024,8,2023,12,
"Nevada ","807,004 ","360,266 ","360,266 ","0 ",2024,8,2023,12,
"New Hampshire ","181,000 ","60,968 ","60,413 ","555 ",2024,8,2023,12,"New Hampshire expanded its Medicaid program by adopting the VIII Group on August 15, 2014."
"New Jersey ","1,939,217 ","670,454 ","670,454 ","0 ",2024,8,2023,12,
"New Mexico ","882,433 ","279,543 ","279,543 ","0 ",2024,8,2023,12,
"New York ","7,513,044 ","2,396,312 ","395,261 ","2,001,051 ",2024,8,2023,12,
"North Carolina ","796,526 ","304,961 ","304,961 ","0 ",2024,8,2023,12,
"North Dakota ","114,828 ","29,072 ","27,686 ","1,386 ",2024,8,2023,12,
"Ohio ","3,248,639 ","788,644 ","788,445 ","199 ",2024,8,2023,12,
"Oklahoma ","983,354 ","256,023 ","256,023 ","0 ",2024,8,2023,12,"Oklahoma expanded its Medicaid program by adopting the VIII Group on July 1, 2021."
"Oregon ","1,320,683 ","697,769 ","587,225 ","110,544 ",2024,8,2023,12,
"Pennsylvania ","3,280,394 ","995,388 ","937,955 ","57,433 ",2024,8,2023,12,"Pennsylvania expanded its Medicaid program by adopting the VIII Group on January 1, 2015."
"Puerto Rico ","1,511,257 ","698,086 ",N/A,"698,086 ",2024,8,2023,12,
"Rhode Island ","342,385 ","84,170 ","84,170 ","0 ",2024,8,2023,12,
"South Carolina ","1,451,299 ",N/A,N/A,N/A,2024,8,2023,12,
"South Dakota ","113,899 ","17,520 ","17,520 ","0 ",2024,8,2023,12," South Dakota expanded its Medicaid program by adopting the VIII Group on July 1, 2023."
"Tennessee ","1,744,892 ",N/A,N/A,N/A,2024,8,2023,12,
"Texas ","4,580,371 ",N/A,N/A,N/A,2024,8,2023,12,
"Utah ","372,892 ","98,596 ","97,607 ","989 ",2024,8,2023,12,"Utah expanded its Medicaid program by adopting the VIII Group on January 1, 2020."
"Vermont ","178,818 ","72,621 ","0 ","72,621 ",2024,8,2023,12,
"Virgin Islands ","27,132 ","12,239 ",N/A,"12,239 ",2024,8,2023,12,"The Virgin Islands expanded its Medicaid program by adopting the VIII Group on June 1, 2015."
"Virginia ","1,938,454 ","731,491 ","731,491 ","0 ",2024,8,2023,12,"Virginia expanded its Medicaid program by adopting the VIII Group on January 1, 2019."
"Washington ","1,952,636 ","687,540 ","667,057 ","20,483 ",2024,8,2023,12,
"West Virginia ","548,404 ","184,724 ","184,724 ","0 ",2024,8,2023,12,
"Wisconsin ","1,381,983 ",N/A,N/A,N/A,2024,8,2023,12,
"Wyoming ","77,657 ",N/A,N/A,N/A,2024,8,2023,12,
Totals,"87,799,431 ","22,400,116 ","17,941,368 ","4,458,748 ",2024,8,2023,12,
